Date,strategy,bench,position
2026-01-02,0.0018330346379591411,0.0018330346379591411,1.0
2026-01-05,0.006660178462529753,0.006660178462529753,1.0
2026-01-06,0.0059471682236194034,0.0059471682236194034,1.0
2026-01-07,-0.0032234143669693793,-0.0032234143669693793,1.0
2026-01-08,-0.00010151182144413351,-0.00010151182144413351,1.0
2026-01-09,0.006613390447410161,0.006613390447410161,1.0
2026-01-12,0.0015703445496706436,0.0015703445496706436,1.0
2026-01-13,-0.00199942838080458,-0.00199942838080458,1.0
2026-01-14,-0.004915311552799784,-0.004915311552799784,1.0
2026-01-15,0.0027232884465351326,0.0027232884465351326,1.0
2026-01-16,-0.0008377644449499844,-0.0008377644449499844,1.0
2026-01-20,-0.020356834003122604,-0.020356834003122604,1.0
2026-01-21,0.01154108059120329,0.01154108059120329,1.0
2026-01-22,0.005223214802554832,0.005223214802554832,1.0
2026-01-23,0.00036274314526618667,0.00036274314526618667,1.0
2026-01-26,0.005078168996109245,0.005078168996109245,1.0
2026-01-27,0.0039842915730679,0.0039842915730679,1.0
2026-01-28,-0.00010064921396324422,-0.00010064921396324422,1.0
2026-01-29,-0.001984439728138443,-0.001984439728138443,1.0
2026-01-30,-0.0029825340247910948,-0.0029825340247910948,1.0
2026-02-02,0.004971300173138626,0.004971300173138626,1.0
2026-02-03,-0.008455418456572827,-0.008455418456572827,1.0
2026-02-04,-0.004843928082311488,-0.004843928082311488,1.0
2026-02-05,-0.01248919245872293,-0.01248919245872293,1.0
2026-02-06,0.0191847683064843,0.0191847683064843,1.0
2026-02-09,0.00482176499257525,0.00482176499257525,1.0
2026-02-10,-0.002637135289800363,-0.002637135289800363,1.0
2026-02-11,-0.0002310739544192364,-0.0002310739544192364,1.0
2026-02-12,-0.015448908452140975,-0.015448908452140975,1.0
2026-02-13,0.0007046233276368774,0.0007046233276368774,1.0
2026-02-17,0.0016134293041962788,0.0016134293041962788,1.0
2026-02-18,0.005037695790158558,0.005037695790158558,1.0
2026-02-19,-0.002637440014283343,-0.002637440014283343,1.0
2026-02-20,0.0072319245695726675,0.0072319245695726675,1.0
2026-02-23,-0.01021138412746736,-0.01021138412746736,1.0
2026-02-24,0.007268496179203332,0.007268496179203332,1.0
2026-02-25,0.008438229885944226,0.008438229885944226,1.0
2026-02-26,-0.005554395000458845,-0.005554395000458845,1.0
2026-02-27,-0.004801996508287942,-0.004801996508287942,1.0
2026-03-02,0.0005686794289856412,0.0005686794289856412,1.0
2026-03-03,-0.008814360718000014,-0.008814360718000014,1.0
2026-03-04,0.007055426061514547,0.007055426061514547,1.0
2026-03-05,-0.0055756895160732345,-0.0055756895160732345,1.0
2026-03-06,-0.013107084633170007,-0.013107084633170007,1.0
2026-03-09,0.008759940630667318,0.008759940630667318,1.0
2026-03-10,-0.0016071064194473905,-0.0016071064194473905,1.0
2026-03-11,-0.0012551629681688548,-0.0012551629681688548,1.0
2026-03-12,-0.015184930829711507,-0.015184930829711507,1.0
2026-03-13,-0.005660061445393549,-0.005660061445393549,1.0
2026-03-16,0.01017678036768932,0.01017678036768932,1.0
2026-03-17,0.002630641382033616,0.002630641382033616,1.0
2026-03-18,-0.013953630828001051,-0.013953630828001051,1.0
2026-03-19,-0.002464455575723834,-0.002464455575723834,1.0
2026-03-20,-0.014335681872974515,-0.014335681872974515,1.0
2026-03-23,-0.0003566666671207973,0.010499959707213291,0.0
2026-03-24,0.00014365078910948738,-0.0033568197458091475,0.0
2026-03-25,0.00014365078910948738,0.005572720875308912,0.0
2026-03-26,0.00014365078910948738,-0.01785871391108962,0.0
2026-03-27,0.00014313492510053847,-0.017051920414101196,0.0
2026-03-30,0.00014277777974567717,-0.003343373094761515,0.0
2026-03-31,0.00014285713907272098,0.029067828330166412,0.0
2026-04-01,0.00014305555631243994,0.007534524709556623,0.0
2026-04-02,0.00014313492510053847,0.0009004486514896382,0.0
2026-04-06,0.00014376983756110782,0.004726890756302504,0.0
2026-04-07,0.00014345238133082314,0.00043997599961653755,0.0
2026-04-08,0.00014285713907272098,0.0254696046172882,0.0
2026-04-09,0.005269005826991691,0.005769005826991691,1.0
2026-04-10,-0.0006617045143784139,-0.0006617045143784139,1.0
2026-04-13,0.009772427509418202,0.009772427509418202,1.0
2026-04-14,0.01218482451098879,0.01218482451098879,1.0
2026-04-15,0.00789104262604634,0.00789104262604634,1.0
2026-04-16,0.0024573146961406334,0.0024573146961406334,1.0
2026-04-17,0.012085709684531931,0.012085709684531931,1.0
2026-04-20,-0.0019997769579219726,-0.0019997769579219726,1.0
2026-04-21,-0.006546877598048839,-0.006546877598048839,1.0
2026-04-22,0.010126679110719516,0.010126679110719516,1.0
2026-04-23,-0.0038807172806204493,-0.0038807172806204493,1.0
2026-04-24,0.007749329558953688,0.007749329558953688,1.0
2026-04-27,0.0017227696705925943,0.0017227696705925943,1.0
2026-04-28,-0.0048659811570929135,-0.0048659811570929135,1.0
2026-04-29,-0.00015454822141547364,-0.00015454822141547364,1.0
2026-04-30,0.009949685183250345,0.009949685183250345,1.0
2026-05-01,0.00276905737155686,0.00276905737155686,1.0
2026-05-04,-0.0036633809509297732,-0.0036633809509297732,1.0
2026-05-05,0.008022242913074518,0.008022242913074518,1.0
2026-05-06,0.013899418730159985,0.013899418730159985,1.0
2026-05-07,-0.0030660889376450395,-0.0030660889376450395,1.0
2026-05-08,0.008256054754597786,0.008256054754597786,1.0
2026-05-11,0.0022775635209937306,0.0022775635209937306,1.0
2026-05-12,-0.0015148976832113359,-0.0015148976832113359,1.0
2026-05-13,0.005594852718878274,0.005594852718878274,1.0
2026-05-14,0.007894249484761584,0.007894249484761584,1.0
2026-05-15,-0.012029288059682064,-0.012029288059682064,1.0
2026-05-18,-0.0007035134425675826,-0.0007035134425675826,1.0
2026-05-19,-0.006660801173054454,-0.006660801173054454,1.0
2026-05-20,0.0102489448693448,0.0102489448693448,1.0
2026-05-21,0.0019831294549137457,0.0019831294549137457,1.0
2026-05-22,0.003931565762728351,0.003931565762728351,1.0
2026-05-26,0.006638589859918387,0.006638589859918387,1.0
2026-05-27,-0.0001731819956434233,-0.0001731819956434233,1.0
2026-05-28,0.005516544483684438,0.005516544483684438,1.0
2026-05-29,0.002491413132097442,0.002491413132097442,1.0
2026-06-01,0.002723144858072235,0.002723144858072235,1.0
2026-06-02,0.0013579151752256546,0.0013579151752256546,1.0
2026-06-03,-0.00701716271996522,-0.00701716271996522,1.0
2026-06-04,0.003778634283035931,0.003778634283035931,1.0
2026-06-05,-0.025809369612244448,-0.025809369612244448,1.0
2026-06-08,0.002264222440912178,0.002264222440912178,1.0
2026-06-09,-0.002935520049857532,-0.002935520049857532,1.0
2026-06-10,-0.0157655110158077,-0.0157655110158077,1.0
2026-06-11,0.016996857394830034,0.016996857394830034,1.0
2026-06-12,0.005408207317551872,0.005408207317551872,1.0
2026-06-15,0.017634009390668393,0.017634009390668393,1.0
2026-06-16,-0.005961575485861181,-0.005961575485861181,1.0
2026-06-17,-0.01248789492983049,-0.01248789492983049,1.0
2026-06-18,0.010396979807429707,0.010396979807429707,1.0
2026-06-22,-0.0031469282666526377,-0.0031469282666526377,1.0
2026-06-23,-0.014522012225013592,-0.014522012225013592,1.0
2026-06-24,-0.0004635003677893046,-0.0004635003677893046,1.0
2026-06-25,0.0014456368287247834,0.0014456368287247834,1.0
2026-06-26,-0.007231332133985857,-0.007231332133985857,1.0
2026-06-29,0.01647481275894025,0.01647481275894025,1.0
2026-06-30,0.007786815227913024,0.007786815227913024,1.0
2026-07-01,-0.0013525036475483532,-0.0013525036475483532,1.0
2026-07-02,-0.0013140507435593918,-0.0013140507435593918,1.0
2026-07-06,0.008727392224116226,0.008727392224116226,1.0
2026-07-07,-0.004751890339538711,-0.004751890339538711,1.0
2026-07-08,-0.0030894091522385425,-0.0030894091522385425,1.0
2026-07-09,0.008465256756416295,0.008465256756416295,1.0
2026-07-10,0.004310118179872147,0.004310118179872147,1.0
2026-07-13,-0.007656140611366324,-0.007656140611366324,1.0
2026-07-14,0.0035506379166867497,0.0035506379166867497,1.0
2026-07-15,0.003963630921285599,0.003963630921285599,1.0
2026-07-16,-0.005418616825605738,-0.005418616825605738,1.0
2026-07-17,-0.009897199757215702,-0.009897199757215702,1.0
2026-07-20,-0.0016143534967409945,-0.0016143534967409945,1.0
2026-07-21,0.008341327043244195,0.008341327043244195,1.0
2026-07-22,-0.001162766737217713,-0.001162766737217713,1.0
2026-07-23,-0.012349253784127878,-0.012349253784127878,1.0
2026-07-24,0.0010159657563921787,0.0010159657563921787,1.0
2026-07-27,0.00021661654234961247,0.00021661654234961247,1.0
2026-07-28,0.0023947666975516757,0.0023947666975516757,1.0
2026-07-29,-0.015387445003102407,-0.015387445003102407,1.0
2026-07-30,0.01676574369337569,0.01676574369337569,1.0
2026-07-31,0.007199869193782904,0.007199869193782904,1.0
2026-08-03,0.014242990614400597,0.014242990614400597,1.0
2026-08-04,0.01802895214665101,0.01802895214665101,1.0
2026-08-05,-0.0019965624761277834,-0.0019965624761277834,1.0
2026-08-06,-0.0015978064697251826,-0.0015978064697251826,1.0
2026-08-07,0.0061153280785064545,0.0061153280785064545,1.0
2026-08-10,-0.0002974431285415191,-0.0002974431285415191,1.0
2026-08-11,-0.003195199981383512,-0.003195199981383512,1.0
2026-08-12,0.0025046088948632583,0.0025046088948632583,1.0
2026-08-13,0.006977515074108265,0.006977515074108265,1.0
2026-08-14,-0.0019797506799419384,-0.0019797506799419384,1.0
2026-08-17,-0.004727362317670902,-0.004727362317670902,1.0
2026-08-18,-0.00675574496080833,-0.00675574496080833,1.0
2026-08-19,0.0020977847370853286,0.0020977847370853286,1.0
2026-08-20,-0.008399827926766523,-0.008399827926766523,1.0
2026-08-21,0.004091229991858514,0.004091229991858514,1.0
2026-08-24,-0.0029384361156037375,-0.0029384361156037375,1.0
2026-08-25,0.003195939766817757,0.003195939766817757,1.0
2026-08-26,0.00022200767959623668,0.00022200767959623668,1.0
2026-08-27,0.006552844629756693,0.006552844629756693,1.0
2026-08-28,-0.0022694869107554583,-0.0022694869107554583,1.0
2026-08-31,-0.002989548034258882,-0.002989548034258882,1.0
2026-09-01,-0.006870413937474118,-0.006870413937474118,1.0
2026-09-02,0.004436916429827686,0.004436916429827686,1.0
2026-09-03,0.010468417941536634,0.010468417941536634,1.0
2026-09-04,-0.0038542322600894074,-0.0038542322600894074,1.0
2026-09-08,-0.005492178930014524,-0.005492178930014524,1.0
2026-09-09,-0.004647717444469568,-0.004647717444469568,1.0
2026-09-10,-0.005994275703456675,-0.005994275703456675,1.0
2026-09-11,0.008524301461116268,0.008524301461116268,1.0
2026-09-14,-0.004461653484890693,-0.004461653484890693,1.0
2026-09-15,-0.004586752409134642,-0.004586752409134642,1.0
2026-09-16,-0.0044098804847823025,-0.0044098804847823025,1.0
2026-09-17,0.011338753705953053,0.011338753705953053,1.0
2026-09-18,0.0012869590529585029,0.0012869590529585029,1.0
2026-09-21,0.015504992215651825,0.015504992215651825,1.0
2026-09-22,-0.00015513266604716414,-0.00015513266604716414,1.0
2026-09-23,-0.007202161019229769,-0.007202161019229769,1.0
